algorithm iterations;tab size;bucket sort time;counting sort time;
100;100;0.001002;0.000428;
100;1000;0.008926;0.002399;
100;10000;0.087227;0.021601;
100;100000;0.865985;0.214263;
100;100;0.001951;0.001543;
100;1000;0.010301;0.003850;
100;10000;0.086775;0.026584;
100;100000;0.845546;0.265584;